コース名,クラス名,講師名,講座タイトル,対象年齢,内容,感想（一部）,該当URL
心・からだ・知育のびのびコース,発達あそびクラス,かなこ,発達を促すチャンスがいっぱい！おうち風船あそび,0～6歳,"実は風船は、お子さんの五感を刺激できるアイテムです🎈
その効果を発揮させ、おうち遊びを楽しくする方法を運動発達のプロが伝授します","・今回は風船を使った遊びを教えていただきました。
先月出掛けた先で風船をもらう機会があり、娘が気に入っていたので、ちょうど風船を購入したところでした。
膨らませてポンポンとして見せるのとしかしていなかったのですが、色々なバリエーションの遊びを学ぶことが出来ました。
風船を膨らませて、口を結ばずにそのまま放して萎む様子を見せる遊びは、自分の発想にはない遊び方だったので、新しい発見が出来て良かったです。
風船が萎むときにどうなるか、どんな音がするか、娘にも体感してもらうことができ、とても喜んでいました。
・風船で遊ぶのはまだ月齢的に難しいかと思っていましたが、小さい子でもできる遊びを紹介していただけて楽しめました。",https://fants.jp/feeds/726315?openExternalBrowser=1
心・からだ・知育のびのびコース,知育あそびクラス,ともか,マスキングテープ,2～6歳,手のひらの開閉や手と目の協応など指先を鍛える知育あそびをご紹介,"・今回が初回だったので、知育あそびクラスでどのようなことが学べるのかともか先生からお話がありました。
全12回のクラスをとおして、指先を鍛えていくことにより、補助箸を使わずともお箸を上手に持つことが出来るようになると聞き、とても感激しました。
今回はマスキングテープを使った遊びを色々と紹介してくださいました。
娘のお昼寝中にアーカイブで視聴していたのですが、早速娘の机にマステを貼っておいたところ、昼寝から起きてきた娘が目を輝かせながら剥がし始めました。
それから剥がしたり貼ったり、違うところに貼ってみたり、と楽しそうに遊んでいました。
家にあるものですぐに実践でき、知育や指先の発達に繋がる遊びを学べて大変有意義なクラスでした。
今後も毎回受講して、娘の知育や指先の発達を楽しみながら促していけたらと思います。",https://fants.jp/feeds/730347?openExternalBrowser=1
心・からだ・知育のびのびコース,-,助産師あやの,卒乳・断乳講座,0～3歳,"母乳育児のこと、卒乳や断乳についてよく世の中で言われている方法についてどれが良いのか？どうやっていくのが適しているのかをわかりやすく解説！
断乳の心構えや日付ごとの経過のイメージなどもお話ししています！","・断乳は母親側から、卒乳は子ども側からおっぱいを卒業すること。
必ずしも母乳マッサージに行かなくても断乳卒乳できる。
子どもと相談しながら卒乳することもできる。
産後ケアで月に一度母乳マッサージをしてもらってました。産後ケア卒業してからは母乳マッサージ行ってません。来年の4月に復職予定なので、それまでに断乳したいと考えて、計画的に母乳マッサージに行こうと考えてます。
・ 授乳については産院でも行政でも沢山教えてくれるのに、卒乳・断乳については誰も教えてくれないじゃん🥲と思っていたのでとても勉強になりました！断乳に向けての具体的なスケジュール？などもあり、参考になりました😌
今生後７ヶ月ですが、母乳が出ているのかよく分からず断乳も考えています。決心がついたらあやの先生にサポートしてもらいたいので、分からないことなど質問したいなと思いました！",https://fants.jp/feeds/735419?openExternalBrowser=1
心・からだ・知育のびのびコース,おうちモンテクラス,菅原りょうこ,『ダメ』『やめて』『しないで』否定言葉を使っても子どもを傷つけない伝え方,０～6歳,"子どもへの言葉がけとして「ダメ」と伝えることはいけないことなのか？
やってはいけないことを伝える時にどう伝えるのが良いのか？
子どもを傷つけずに「やってはいけないこと」を伝えるための3つのポイントや、傷つける言い方をしてしまった後に考えたいことも含めて解説しています。","・大人も一人の人間であるから、無理に感情を押さえなくてよい。小さい子にも理由を伝える。少し心が、軽くなりました。
・今回の講義を聞いて、言わなきゃいけないことは言わなきゃいけないから言っていいんだなと気付かせていただきました。
感情を抑えていると、能面のようになって却って怖い、という言葉がとても響きました。",https://fants.jp/feeds/738522?openExternalBrowser=1
心・からだ・知育のびのびコース,おやこ英語クラス,MEInternational,Numbers & Mother’s Day,0～6歳,お子さまにとっても身近な数字について、また、今月は母の日だったので、母の日関連の英語の表現、お歌、絵本をご紹介します！,"・アーカイブで拝見しました。
お二人の雰囲気がとっても柔らかく、親も一緒に楽しめました。
英語のお歌や絵本の時間がたくさんあり、娘がお歌と絵本どちらも好きなので、初めて聞くお歌でも一緒に歌おうとしていました。
一般的にABCのお歌が定番ですが、確かにAをエーと発音する単語は多くないので、今回のようなフォニックスで発音して覚えるのが良いというお話は目から鱗でした。
家で英語のDVDを一緒に観ていますが、DVDだと一方的なので、このようなクラスだと説明があって分かりやすかったです。
・母の日が国によって違うというのを知りませんでした！習慣も国によって違うのか気になったので調べてみようと思います。今日は〇〇式母の日だよ！と言って一年に何度も母の日イベントやっちゃうのも良いですね🤣",https://fants.jp/feeds/739797?openExternalBrowser=1
心・からだ・知育のびのびコース,モリモリごはんクラス,ももマミー,もりもりごはんクラス　5月の質問回答ライブ,0～2歳,"【いただいたご質問】
・フォローアップミルクの足し方について
・ミルクをやめられる気配がありません‥(1歳になってからフォローアップミルクです)
・離乳食で食べさせるものについて
・スプーン食べをしないことについて
・スプーンのステップアップについて
・おすわり習得前のハイローチェアの使用について
・食事の出し方と食器について
・フォローアップミルクの導入について
・ﾐﾙｸについて
・野菜の食べさせ方について","・今回は事前質問に回答していただけるということだったので、私も事前質問させていただきました。
食事提供の仕方について、一品ずつ出す方法をももマミー先生もやっていたというお話を聞き安心しました。
今まで迷いつつも、一度定着したやり方を変えるのも億劫だったので続けていましたが、そのままで大丈夫とのことで、自信を持って続けられます。
また、おすすめの食器もご紹介いただけたので、早速購入したいと思います。
自分の質問以外でも、フォローアップミルクの質問があり、私もいつまで、どのくらいの量を飲ませたら良いか色々な情報があり分からなかったところだったので、とても勉強になりました。
しっかりと根拠を示して説明してくださったので、納得感と安心感を持つことができました。
今まで、これでいいのかな、と不安や疑問を持っていたことがたくさん解消されました。",https://fants.jp/feeds/745233?openExternalBrowser=1
心・からだ・知育のびのびコース,おやこ英語クラス,MEInternational,Greetings & Weather,0～6歳,会話の基本となるご挨拶と天気について、英語の表現、歌や絵本をご紹介します！,"・自分が小学生の時にやった英語の歌があり、懐かしく思いました。6か月の娘が参加して意味があるのかと参加する前は思いましたが、リズムや音楽だけでも、なんとなく雰囲気を感じ取っていたみたいでした。アーカイブを2歳の兄にも見せたいです。
・私が子供の頃に聞いたことのある絵本の読み聞かせをきいて懐かしく思いました。
アルファベットの解説、大人が見ても面白かったです・",https://fants.jp/feeds/754080?openExternalBrowser=1
心・からだ・知育のびのびコース,知育あそびクラス,ともか,丸シール,2～6歳,"おうちやすき間時間に取り入れられる知育あそびをご紹介
前回のマステから少し高度な「貼る」遊びに変化します。
色の要素もあり、またマステとは違った遊びが増えます✨
薄くて軽いシールは梅雨時期のおうち遊びに、外食の待ち時間に、手軽に取り入れていただけます。
みんなで遊びましょー！
","・百均に売っている丸シールで手軽に用意できるのに遊び方は色々あって、色んな発達を促すことが出来てコスパ良いなぁと思いました。
学んだ遊びで遊ばせるのが楽しみです。
・ともか先生のお話はきちっと理由づけがあるので説得力がありとても勉強になります‼︎具体例やアイデアもいっぱいなので試す際のハードルが低くなりました。",https://fants.jp/feeds/763235?openExternalBrowser=1
心・からだ・知育のびのびコース,発達あそびクラス,かなこ,ダンボールを使って五感を使うおうち遊び,1～6歳,どの家庭にも1つはあるだろうダンボール。廃棄する前に五感をフルに使ってからだを動かしていきます！,"・・段ボール遊びと聞いて、トンネルづくりくらいしか思いつかなかったのですが、絵を描く、踏むなど、もっとシンプルに遊んでいいのか！と発見になりました😊
・ダンボールひとつでもかなり色々なことがやれるのだなぁと改めて思いました。4歳と10ヶ月の子供がおり、いつもおもちゃなど取り合いばかりで一緒に遊ぶことが出来ないのですが、ダンボールという同じもので違う遊びをやらせてみるのは良さそうだとかんじました",https://fants.jp/feeds/767062?openExternalBrowser=1
心・からだ・知育のびのびコース,おうちモンテクラス,菅原りょうこ,育児におけるスマホとの上手な使い方,0～6歳,ついついスマホを見たり、見させたりしてしまい「良くないのでは？」と思うシーンもあると思います。そんなときにどんな心持ちで向き合えば良いのか学ぶ講座です。,"・スマホでYouTubeを見せていることに対して罪悪感を持っていたのですが、ルールを決めることで上手く付き合っていけることがわかりました。
・YouTubeなど動画を見せる事が悪い事ではない。時間を決めてうまく使う。目の運動をする事が大事",https://fants.jp/feeds/770956?openExternalBrowser=1
心・からだ・知育のびのびコース,モリモリごはんクラス,ももマミー,もりもりごはんクラス　6月の質問回答ライブ,0～2歳,"【いただいたご質問】
・BLW について
・おすすめのハイチェアを教えてください！
・スプーンの持ち方について
・旅行中のつかみ食べについて
・お米を食べるのを泣くほど嫌がる時がある
・砂糖の摂取について
・ミルクへの添加物について
・今後の離乳食作りに悩んでいます
・離乳食の量について
・食べている途中で嫌がることについて",・ももマミーさんの講座はすごく裏付けがしっかりしていて説得力が違います。私の質問にも会社にまてわ問い合わせまでして調べてくださいました。ありがとうございます。他の方の質問で自分の子どもの月齢とは異なっていてもすごく勉強になるので、毎回全部見ています。,https://fants.jp/feeds/772445?openExternalBrowser=1
心・からだ・知育のびのびコース,-,三橋かな,イヤイヤ期対応講座,1～3歳,成長の過程で誰もが通るイヤイヤ期にどんな対応をしたら良いか、発達心理学の観点からお話しいただきます！,・息子が3歳になった今でもいやいや期ですが、「自立への第一歩」だと思い、気長に付き合おうと思います,https://fants.jp/feeds/773443?openExternalBrowser=1
心・からだ・知育のびのびコース,おやこ英語クラス,MEInternational,旅行英会話＆子連れ海外TIPS,0～6歳,"MikiもErikoも0歳の子連れ海外旅行経験者！
ハワイ・アジア圏・ヨーロッパ圏5ヶ国計15回に行ったことのある私たちだからこそ、リアルに海外旅行で使える英語フレーズ＆旅行TIPSをご紹介します🌎
 

夏休みに子連れで海外に行かれる方、これから海外旅行に行きたいと検討中の方はぜひご参加ください❣️当日ご質問タイムもあります♪","・子連れで海外旅行なんて無理だと思ってました。みきさん、えりこさんの話を聞いて、子連れ海外旅行意外に行けるかも！と思いました。
サマースクールも興味があります。上の子が年中さんくらいになったら家族で行きたいです。",https://fants.jp/feeds/790384?openExternalBrowser=1
心・からだ・知育のびのびコース,知育あそびクラス,ともか,水,0～6歳,"水遊び…といっても
どんな要素に着目するのかによって
遊びの内容も変わりますし、
お子さんの発達段階によって、遊びへの誘い方も変わりますね。
そんなお水遊びへの誘い方のコツや学びへの発展の仕方などを紹介","・今回も遊びの具体的が盛りだくさんで分かりやすかったです。今回は実際にデモンストレーションしてくだいましたが、大人の私でもやってみたくなりました‼︎
夏遊びのレパートリーが増えて嬉しいです。
・暑いので、お風呂場で水遊びさせることが多いので、バリエーション増やしつつ、手先の運動にもなる方法をしることが出来てよかったです。",https://fants.jp/feeds/800119?openExternalBrowser=1
心・からだ・知育のびのびコース,-,富椛,オンラインペン字講座,なし,"ひらがなでおなまえを綺麗に書くコツを教えていただきます！

お子さんのお名前、書く機会多いのではないでしょうか？
それぞれのお名前を書いてみて、一緒に書く練習をしてみましょう🎶","・いつもなんだか上手く書けないのがひらがなでした。ちょうど上の子が字を書き始めたのですが、自分がお手本を書くのもちょっとどうなんだろう？と思っていたので、直線曲線の意識や、形を意識して少しでもキレイな字で一緒に書けたらいいなと思います。
・直線と曲線を意識、字形を意識。
特に字形を気にすることをあまりなかったので、これからは意識していこうと思いました。",https://fants.jp/feeds/805241?openExternalBrowser=1
心・からだ・知育のびのびコース,おうちモンテクラス,菅原りょうこ,"リアル相談
イライラ、不機嫌の対処法１
大人のイライラと子どものイライラ相談",0～6歳,"子どもがイライラしたり癇癪を起こしたり、しているのを見て
自分もイライラしてしまうってことはないですか？
７月の講座は、イライラをどうするか？の第一弾
考えた方がいいイライラと、放っておいていいイライラを分けていく考え方をお伝えします。

【いただいたご質問】
・これから自我がでてきて、イヤイヤするようになるのに自分が耐えられるかちょっと心配
・奇声、叫び声、大声、唸り声
・食べ方にこだわりが出始めた
・自分はワンオペできないんだ…と自己否定してしまった
・自我が出てきた
・自分自身にイライラ
・すぐもういい！ということにイライラ
・起こっている理由が分からない時の対応
・自分的に絶対して欲しくないことをされた時にイライラしてしまう",・何がイライラの原因か、ということの掘り下げがまだ難しい(表面的なものにとどまってしまう)が、課題の分離(何が自分の問題か)、イライラは止められない、子どもだからしょうがないと言い聞かせてイライラしないように持っていくのはむしろ悪手、ということは学びだった。,https://fants.jp/feeds/807977?openExternalBrowser=1
心・からだ・知育のびのびコース,-,にぐ,お金に困らない子は“7歳まで”に育つ！今日からできる3の習慣,3～6歳,"普段小中学生向けにもお金の教育事業をされている人気講師にぐ先生の今回だけの特別講演です。
保育園や学校では教えてくれないお金に関するお子さんへの授業の仕方を学び、ご家庭でいかせるような方法を今回教えてくださいます。","・自分はお金について親から教わったり、もらったお年玉を管理した記憶はなく、またお金を稼ぐ大変さは大学生になってから知りました。
今は色んな支払い方法・選択が増え、どうやってこの時代にあったお金の知識を導入していけばいいのか悩みます。自分も分からないことだらけなので。
今日の講座で、子どもが自分でお金を管理をできるような取り組みを日常的なちょっとしたことでもいいから導入したいと思いました。(買い物やお手伝いなど)
・子どもへのお金の教育、現金がいいのは何となく感じていたのですが、具体的な理由が分かってよかったです。
お手伝い…家族の一員と意識を持ち責任を持って家事を行う。このような視点はなかったです。
あらかじめ決められた家事をすることが大切と分かってよかったです。
私は幼少期に家事をしてこず、大人になってから困ったことも感じているので
子どもには簡単なものからお手伝いしてもらおうと思います。",https://fants.jp/feeds/811698?openExternalBrowser=1
心・からだ・知育のびのびコース,モリモリごはんクラス,ももマミー,もりもりごはんクラス　ミニ講座『離乳食における鉄分の大切さ』＆7月の質問回答ライブ,0～2歳,"離乳食における鉄の大切さ

・昨今の鉄ブームは良い面もあるがそればかりになってしまう
・とんでもSNSやレシピに騙されがち

鉄も大切だけど満遍なく食品を摂取していくことで鉄が不足することなく成長していけるということが分かる！そんなミニ講座をお届けします！

【いただいたご質問】
・離乳食がなかなか進みません
・離乳食の進みについて
・そばの進め方について
・よく噛まずに食べる
・早食い、よく噛まない
・優先したい栄養素について
・食事の途中からペースダウンしてしまう",・レバーの簡単な取り入れ方のアイデア目からウロコでした。他の食材にも使えそうですね。今回は私は質問しなかったのですが、為になるお話ばかりなので今回も最初から最後まで見ました。ももマミー先生がママ目線で答えてくれるので聞いていてとても励まされています。,https://fants.jp/feeds/817973?openExternalBrowser=1
心・からだ・知育のびのびコース,発達あそびクラス,かなこ,色水、氷遊び,0～6歳,7月といえば夏本番！水遊びや氷遊びで夏らしいおうち遊びを行います🧊 そこに色をつけるだけでも子ども達は喜びます。そんな遊びをご紹介します！,"・ペットボトルのキャップの裏に置いた絵の具が、ペットボトル内の水と混ざると色水になる、という当たり前のことが子供には当たり前ではないというのが目からウロコでした。
大人は経験のあるものは予想できてしまうし、なんとなく子供が言葉が通じる年齢になってくると勝手に自分と同じくらいの理解があると思ってしまうことがありましたが、「そっか、分からないんだ！経験してないもんね！」と気づきました。
・アーカイブで拝見しましたが、当日参加されたお子さんの様子を見ていて、本当に楽しい遊びなんだなと思いました。おかげさまでリアルな反応が見れて遊びのイメージがわきました。私の子どもはまだ0歳なので会話のコミュニケーションはできませんがさっそく遊んでみたいです。他の講師の先生も氷と水遊びをテーマにしていたので、それだけ良い刺激なんでしょうね♫",https://fants.jp/feeds/821393?openExternalBrowser=1
心・からだ・知育のびのびコース,-,助産師あやの,赤ちゃんの命を守る夏のケア(熱中症・脱水・日焼け)講座,0～2歳,脱水予防や熱中症対策、日焼けなど赤ちゃんの命を守る夏のケアのお話です,"・漠然と熱中症は怖いと思っていましたが、こういう状況になったら水分が不足しているなど具体的に知ることができました。もうすでに毎日暑いのでもっと早く知りたかったです‼︎きちんと対策して夏を乗り切りたいと思います。
・部屋の温度が26℃〜28℃がいいと知り驚きました。26℃だと暑そうな気がしていて、今は24℃設定で過ごしていました。
明日から26℃で試してみようかなぁと思います。
飲み物は麦茶がいいと思っていましたが雑菌が繁殖する怖さを考えるとお水にしようと思いました。",https://fants.jp/feeds/823927?openExternalBrowser=1
心・からだ・知育のびのびコース,おやこ英語クラス,MEInternational,Nature,0～6歳,夏休みといえば海や山！自然にまつわる英語の表現、絵本や歌をやります♪,"・仕掛け絵本が面白かったです。
ぬいぐるみを使ってのチャンツもまねしたいと思いました。
・今までは都合が合わず録画の視聴で子供が飽きてしまっていましたが、今回リアルタイムで呼びかけてもらうことでとても興味を持っていました。保育園に通っているので難しいですが、機会があればまたリアルタイムで参加したいです。",https://fants.jp/feeds/836613?openExternalBrowser=1
心・からだ・知育のびのびコース,知育あそびクラス,ともか,フェルトボール,0～6歳,"本来のデコレーション以外にも
指先を鍛えたり、感覚を育てるあそびをご紹介します！

おもちゃコーナーだけがおもちゃじゃありませんよ✨","・ともか先生の講義はコスパ重視だったりリアルなママ目線で構成してくださってるので、取り組みやすいです‼︎インスタもフォローしちゃいました。
私の子どもはなんでもお口に入れちゃうので誤飲に注意しつつ大きいサイズのフェルトボールから取り入れていこうと思います。先日自宅で丸シール遊びをしていたところやっぱり口に入れちゃいました…教えていただいた取り方で無事に取れて一安心でした(^_^;)丸シールみたいに口に張り付いたり滑っちゃうものは指にガーゼを巻いて取るとスムーズにとれそうです。",https://fants.jp/feeds/845040?openExternalBrowser=1
心・からだ・知育のびのびコース,-,三橋かな,ハーバード流！能力に差をつける読み聞かせ講座,0～6歳,"絵本は新しい語彙や表現を教える
最高の教材になります。

今回は、ダイヤロジックリーディングという手法を使い

言葉の発達だけでなく、
伝える力や思考力、読解力をはじめとする社会を生き
抜いていくための基礎力となる能力を育むための
ポイントをお伝えします✨","・絵本の読み聞かせはどの子育て情報でも推奨されているので完璧な物だとイメージしていたので驚きでした。確かに一方的なコミュニケーションになりがちですね。絵本はプロが作ったものなので一字一句同じように読むようにといった意見も聞いた事がありましたが、講義をお聞きして双方向のコミュニケーションの発達という点も意識したいと思います。
・ダイアログリーディングを初めて知りました。「PEERという順序に沿って行われる、今までそんなことを考えて読み聞かせしたことがありません。日本は心の面を重視しますが、アメリカでは学習面で絵本を活用すると初めて知り、国によって全然違うのだなと思いました。",https://fants.jp/feeds/846031?openExternalBrowser=1
心・からだ・知育のびのびコース,おうちモンテクラス,菅原りょうこ,"意図して伸ばせる学力/非認知能力
テーマ「学力も自己肯定感も上がる褒め方",0～6歳,"非認知能力って、なんですか？って聞かれたらなんてこたえる？
遊び？自由？コミュ力？自己肯定感？
子どもの学力と、非認知能力は一緒に伸びるし、意図して伸ばすことができます。
ただ、ほとんどが家庭から伸びていきます。
そのコツと、お家でできることを紹介します。

【いただいたご質問】
・ゆくゆくの集団生活や学びにつながる力として、好奇心を満たしながらも自制できるようになる関わり方や工夫があれば知りたい
・そもそも非認知能力とはなにか、なぜそこにフォーカスを当てて伸ばす必要があるのか、りょうこ先生のご意見を伺ってみたい
・保育園で、先生に「製作やる？」と聞かれても、他の遊びに夢中だと「やらない！」と言い、クラスで一人だけ製作せず作品もないことがある。家ではさらに自由奔放で、本人の気が済むまでやらせないとギャン泣き・暴れる。保育園ならまだ許されても、小学校に上がったらそうはいかないのでは…と不安。このようなタイプの子にも非認知能力は備わっているものなのか","・バズワードっぽくて、中身がよくわからなかった「非認知能力」について、目の前にあるものと言葉・概念を結びつけていく力を育てることだと解釈しました。
さんまと秋がつながらない、スキーと冬がつながらないといった事例がとても印象的でした。同時に、バナナ一つとっても、子どもと一緒に想像できること、学べることはたくさんあるなと再認識できました。
子どもと一緒に季節を感じること、日常のモノ・コトの背景を知ることを大事にしたいと思っていましたが、改めて実践していきたいと思いました。",https://fants.jp/feeds/852209?openExternalBrowser=1
心・からだ・知育のびのびコース,モリモリごはんクラス,ももマミー,もりもりごはんクラス　8月の質問回答ライブ,0～2歳,"【いただいたご質問】
・完了期から幼児食への移行
・食べない子の卒乳について
・離乳食中の姿勢について
・ミラクルカップの使用について
・体調不良時の食事について
・食べないものが多くなり困っています","・似た月齢の方の質問が多くためになりました。
質問への回答もありがとうございます。気が散っているというよりは、ダメな時は一切口を開けたがりません…でも口に入ったらちゃんと飲み込むか、いったんモグモグして出します。嫌いなものを出されるのはいいのですが口を開けてくれないと何も始まらず悩んでおりました。。。
とりあえずまだ卒ミはしなくていいとのお答えだったので少し気が楽になりました。私自身も小さい頃はなかなか食べなかったらしいので、気長に付き合うことにしようと思います。食べないなりにも数ヶ月前に比べたら食べられる量は増えていますしね。また来月も楽しみにしています‼︎",https://fants.jp/feeds/854535?openExternalBrowser=1
心・からだ・知育のびのびコース,発達あそびクラス,かなこ,トイレットペーパーの芯で紙飛行機を作って遊ぼう！,0～6歳,"6月のクラスでのアンケートでのご要望にお答えして、どの家庭でも出るトイレットペーパーの芯を再利用して、紙飛行機を作ってみたいと思います。
それを使って発達運動あそびをやってみましょう！

家にあるものでも色んな遊び方があります。それが発達に良い事ならよりやりたくなりますよね。暑いからこそそんなおうち遊びをご提案します🎶","・飛行機を投げる動作は細分化するとたくさんの動作になるというのが改めて分かりました。
うちの子投げるのがイマイチ下手だなぁと思っていても、どうしたら良くなるのか、どうやって教えるのか全然分かっていなかったので、どこができてて、どこがもう一歩なのかよく観察してみようと思います！
・まだ子供が小さいので、できることは少ないですが、月齢に合わせたアレンジも教えてもらえたのですぐに実践できそうでした。",https://fants.jp/feeds/856807?openExternalBrowser=1
心・からだ・知育のびのびコース,おやこ英語クラス,MEInternational,Colors,0～6歳,「色」はどこにでもある！色を学べる英語の表現、絵本や歌をやります♪,"・アメリカに住んでいて子どもも英語を主に話すため必要ないかなと思っていたのですが、4歳の娘が日本語の学校に行きたいと言い出したため、他の言語を学ぶ時にやることとして参考になるのかなと思い、アーカイブで見ました。
彼女がこれまでに英語を習得してきたことを日本語でやるしかないんだなと改めて感じたのですが、英語もフォニックスが重要なように、あを見て、あと言えるようになるにはゆっくり時間をかけていかないといけないんだと実感しました。
日本に住むことはないだろうし、日本語を真剣に学ぶ必要性はないのですが、本人が興味を示しているからこそ、少しでも手助けになるようなことをしてあげたいと思います。",https://fants.jp/feeds/871065?openExternalBrowser=1
心・からだ・知育のびのびコース,知育あそびクラス,ともか,フィギュア,0～6歳,"実はごっこ遊び以外にも、知育の種がたくさんあるのが動物のフィギュア。
動物フィギュアをメインに、
・どんな遊びに使える？
・なんて声かけする？　など
講座後すぐにできることをお伝えします。","・フィギュア正直月齢的に早いかなあと思っていましたが、見ること、動くものに興味が出てきている今だからこそ良いというのが分かりました！家で遊ぶレパートリーに少し限界を感じていたので新しいことを増やしてみようと思えました！
・フィギュアはごっこ遊びしか遊び方が無いと思い込んでいたので、目からウロコでした。マステや氷と併用したりこれまでのクラスともつながっていて意外にコスパ良いかもと思いました。同じ子育てママとしてコスパ重視で教えてくださるのはとてもありがたいです笑
モンテッソーリとか高いイメージだったので…
私もメルカリでさっそく探してみようと思います‼︎",https://fants.jp/feeds/880338?openExternalBrowser=1
心・からだ・知育のびのびコース,おうちモンテクラス,菅原りょうこ,"自己肯定感に繋がるのは１つだけ。
世界一カンタンな子どものいいところを褒める方法",0～6歳,"叱ると、自己肯定感が育たない？
褒めていたら、やる気のあるいい子に育つ？
どちらも正しいようで、実は違っています。
子どもが「本当に褒められた気持ちになる」褒め方と、そのために今どこを褒めているのか？ガチェックできるワークをしながら、お話しします

【いただいたご質問】
・強めに注意してしまった後の気持ちを切り替えるコツや、上手な声かけの工夫があれば知りたい
・自己肯定感を下げずにやってはいけないことを教える方法がわからない
・これからどんどん言葉が分かるようになっていく中で意識して関わるべきこと、やってはいけないことが知りたい
・毎日愛情を伝えるようにしているが、自分は無条件にみんなから愛される存在だと誤解してしまうのは避けたくて、加減や伝え方がこれで良いのか少し悩んでいる
・褒める時の声かけについて
・「すごい」「えらい」という褒め方について
・自己肯定感が高い子、低い子の特徴が知りたい","・結果を褒めるのではなく、その子本人を褒める。簡単なようで難しいです。でも意識して自己肯定感100の赤ちゃん、下げないように頑張りたいと思いました。
・1時間半あっという間に聴講させていただきました！（アーカイブです）
参加されていた方と同じで、私も結果ばかり褒めてしまっていたなと気付かされました。というか、薄々気づいていたんですがどう方向転換すればいいかわからなかったです。「本人を褒める」目から鱗でした👀✨そのためには本当に子供のことをよく観察しないといけないですね。安っぽい言葉かもしれませんが、「いいところ探し🔍」のように子供のことを見れたらいいなと思いました。
とはいえ、ずーっとそれだと「褒めるところ探さなきゃ🙄」と毛穴から出てきそうなので（笑）、まずは少しずつコツコツできたらいいなと思いました。これは本当に受けてよかったです！！今度はぜひリアルタイムでお話ししたいです！",https://fants.jp/feeds/888101?openExternalBrowser=1
心・からだ・知育のびのびコース,モリモリごはんクラス,ももマミー,もりもりごはんクラス　9月の質問回答ライブ,0～2歳,"【いただいたご質問】
・ｽﾌﾟｰﾝの持ち方
・早食い、詰め込み食い
・1歳児のお弁当について
・食べやすい卵料理レシピについて
・食への興味の持たせ方について
・スプーン練習について
・離乳食を始める前の準備について
・齧り取りメニューについて
・旅行(3泊4日)中の食事について
・幼児食のなかでも段階があるのでしょうか？いつ頃から大人と同じ食事を食べられるのでしょうか？
(そば、ナッツ等アレルギー反応の強いものや辛いもの等を除いて)いつまで大人の食事と作り分けないといけないのだろう‥と面倒に感じてしまっています‥
・母乳と粉ミルクの混合でやってきましたが、つい先日から乳首(母乳)を咥えてもすぐに離してしまい飲んでくれません。哺乳瓶はちゃんと咥えてしっかり飲んでいます。出来れば復職するまでのあと半年位は混合でと思っていたので、母乳も飲んでもらえるように何か出来る事はありますでしょうか。","・いつも丁寧な解説をありがとうございます。食が進まない件で今回も質問させていただきました。ふみおくんを紹介していただきましたが、確かに食事以外の何かで興味をひきながらの方がご飯を食べてくれる気がするので試してみようと思います。食事に集中させなきゃと思って色々排除することが正しいと思い込んでたので目からウロコでした。
そういえば私も幼少期は食が細く、よく麦茶でお腹いっぱいにして怒られていたなと思い出しました笑　変なところが似るものですね(^_^;)そんな私も今では立派に三度の飯とおやつが何より大好きな大人になりました‼︎
興味が無いものはしょうがないと割り切って気長に向き合って行こうと思います。",https://fants.jp/feeds/900101?openExternalBrowser=1
心・からだ・知育のびのびコース,発達あそびクラス,かなこ,体幹を育てる運動あそび,0～4歳,"思うように体を動かすには体幹は外せません。強い体幹を育てるには赤ちゃんからの発達を紐解いていく必要があります。
0歳からできる運動あそびをみんなやってみたいと思います！
3,4歳の大きな子も楽しめる内容にするので、是非ご兄弟でご参加下さい🎶

体幹を育てる運動あそび♪
○体幹って？背骨のS字カーブ、背骨の発達のお話
○絵本を用いた準備体操
○親子でできるおうち運動あそび
○幼児さんが楽しめる体幹を育てるための発展あそび
を行いました^^","・発達は子供それぞれですが親の少しの働きかけで発達を手助けできるということを学べてよかったです！気になっている反り返りについても運動して少しでもよくなってくれたら嬉しいです♥️
・娘がお昼寝中にアーカイブを拝見しました。お昼寝から起きたらできるように自分で動きをやってみたのですが大人がやっても気持ちよかったです。大人の真似っこをしたがる頃なので一緒に運動したいと思います。",https://fants.jp/feeds/903556?openExternalBrowser=1
心・からだ・知育のびのびコース,-,助産師あやの,比べない！ぶれない！ママの「自分軸」に作り方講座,0～6歳,"・SNSや周りと比べてモヤモヤしちゃうママ、自分らしい育児の「軸」を見つけていきましょう！
価値観をはっきりさせて、情報に振り回されないコツを知れば、イライラや迷いがぐっと減って、子どもを安心して見守れるようになります♪","・もともと自分軸が無い自信があったので、子供に対してはいつも肩に力が入ったままで、寝かしつけ後どっと疲れが出ていました。意外に簡単なステップで自分軸ができるならコツコツやってみようと思います。
SNSにも自分軸でソートできる機能があればいいのに‼︎
・優柔不断で他人の意見に流されやすく自己肯定感も低いです。毎日インスタで検索魔になっており、毎日もんもんとしていたと思います。今回、とてもシンプルで簡単にできそうなことばかり教えていただき、講座を聞いた日から実践できています。自分が信頼できる(取り入れたい)と思った方の情報だけ見ようというマインドに変わり、SNSで検索することも大幅に減りました。",https://fants.jp/feeds/905327?openExternalBrowser=1
心・からだ・知育のびのびコース,知育あそびクラス,ともか,洗濯バサミ,2～6歳,"お箸や鉛筆をゴールに行っている知育遊びクラスも折り返し！
いよいよ指先遊びも今まで以上にガッツリいきますよ。

家にある洗濯バサミでもこんなに遊べる✨
しっかり指先を使える筋力を鍛えながら
手と目の協応もより促していきましょう！","・指の発達のステップが説得力ありました。最近掴むからつまめるようになったので、これからよく注意して見ていきたいです。スライドもカラフルで見やすかったです。ともか先生はいつも講義のスピードや見やすさを気にしてくださっていてありがたいです。
・協力して動く、3本の指で、挟めているかがポイント。
サランラップやトイレットペーパーの芯に、洗濯ばさみをいれるあそびは、下の子にもできそうだと思いました。",https://fants.jp/feeds/918083?openExternalBrowser=1
心・からだ・知育のびのびコース,発達あそびクラス,かなこ,足が速くなるための運動あそび,0～6歳,"運動会シーズン。かけっこで一位をとりたい！少しでも早く走れるようになって欲しい。そう思っている親子さんもいるかと思います。
足を早くするためにはただ走るだけでなく、走るための動きの要素を一つ一つ積み上げていく必要があります。
なので0歳からでもできます。
もちろん大きい子が多ければよりダイナミックな内容にしますので、早くなるコツを知りたい！方は是非ご視聴ください✨

足が速くなる運動あそび♪
○走るために必要なことのお話
○絵本を用いた準備体操
○親子でできるおうち運動あそび
○幼児さんが楽しめる体幹を育てるための発展あそび
を行いました^^","・足は全身のかなめだなと思いました。
自宅ではジャンプできない環境ですが、お尻歩きなど、音が出ないものはやりたいです。
",https://fants.jp/feeds/925980?openExternalBrowser=1
心・からだ・知育のびのびコース,おうちモンテクラス,菅原りょうこ,"何ができるの？どういいの？
子どもを伸ばす【お手伝い】",0～6歳,"子どものお手伝いについてどう考えて、どうしていますか？
できることを増やしていくコツや子どもの成長に合わせたお手伝いの考え方をお話しします。

【いただいたご質問】
・お手伝いをどう誘えばいいのか、またどんなお手伝いを任せればいいのか基準がわからず悩んでいる
・お手伝いをどのように子どもにとらえてもらうのが良いのか悩んでいる。","・ちょうど上の子が、気分が乗ったときに「やりたい」というようになり、こちらも慌ててやれるようなことを用意しています。
賢い子はお手伝いをしているというのは理にかなっていると思いました。
・子どもに何を手伝わせるかよりも、お手伝いについて自分がどう考えるのか、自分の軸を持つ事が大切という事について、【お手伝い】だけに限らず子育て全てに通ずる考え方かと思いました。自分が小さい頃はお手伝いをほとんどしなかったので、同じように育った姉妹そろって家事が下手です。自分の娘にはそういった思いはさせたくないなと思いました。
りょうこ先生の5:30起きのお話とてもびっくりしたのですが、誰かの格言で印象に残っていた【大切な事は大体いつもめんどくさい】という言葉を思い出しました。",https://fants.jp/feeds/935913?openExternalBrowser=1
心・からだ・知育のびのびコース,おやこ英語クラス,MEInternational,Halloween,0～6歳,ハロウィンに関係する絵本や歌をご紹介します！,"・いろんなハロウィンの歌や絵本が見れて楽しかったです。普段聞き慣れない単語もあったりいつもと違う雰囲気でハロウィン気分を先取りできました(^^)
・子ども二人とアーカイブで視聴しました。
絵本のところは二人とも画面にくぎ付けになっていました。
アルファベットの学習のときに、画面共有されており、とても見やすかったです。",https://fants.jp/feeds/937058?openExternalBrowser=1
心・からだ・知育のびのびコース,モリモリごはんクラス,ももマミー,もりもりごはんクラス　ミニ講座【体調不良時の離乳食/幼児食のコツ】＆10月の質問回答ライブ,0～6歳,"季節の変わり目、寒くなると風邪も増えるのでそんな時のコツをお話

【いただいたご質問】
・お菓子の食べ過ぎについて
・ミルクの卒業の仕方について・寝る前のミルクに代わるものはどうすればいいか？
・朝食を食べてくれない
・鉄瓶の使用について
・授乳回数と離乳食の進め方について
・料理が苦手過ぎ、嫌い過ぎでご飯を作り続けるのが苦痛
・ミルク以外の飲み物について","・ちょうど下痢をしてるタイミングだったのでタイムリーでした。OS-1念のため常備してましたが、子どもに飲ませるのをちょっとためらっていたので、ちゃんとした正しい知識を教えてもらえて良かったです。賞味期限も確認しようと思います。
・今は子ども二人とも元気で過ごしていますが、インフルエンザが流行っているので、もしもの場合にどういう対処ができるか参考になりました。",https://fants.jp/feeds/937026?openExternalBrowser=1
心・からだ・知育のびのびコース,-,三橋かな,"\ママのしつけのせいじゃない/
生まれながらの子どもの気質を関わり方講座",0～6歳,"「どうしてうちの子だけ…」
「私の育て方が悪いの？」

そんな風に自分を責めてしまうママへ。

子どもには、生まれながらに持っている“気質”があります。
この講座では、しつけや育て方の問題ではなく、
子どもの個性（気質）に合わせた関わり方をお伝えします。

気質を知れば、子どもの困った行動が「なるほど！」に変わり、
ママ自身の心もぐっとラクになります。

✔ 怒っても変わらない子の対応に悩んでいる
✔ 下の子と上の子で正反対すぎて困っている
✔ 子どもの良さを伸ばしたいのに関わり方がわからない

そんな方にぴったりの内容です。
「うちの子ってこうだったんだ！」と腑に落ちる学びをお届けします。",・気質についてなんとなく生まれ持ったものはあるんだろうなーと思っていたものの、学術的にあるとは知らなくて興味深かったです。確かに傾向を知っておくと子育てが楽になりそうですね。私の子どもはどのタイプに属するかイマイチ判断できなかったので、質問回答会でお聞きしてみたいと思います。,https://fants.jp/feeds/938118?openExternalBrowser=1
心・からだ・知育のびのびコース,おやこ英語クラス,MEInternational,Animals,0～6歳,動物に関係する絵本や歌をたくさんご紹介します！,"・絵本をたくさん紹介してくださって楽しかったです。動物の絵とセットで英語が聞けると印象に残りますね。英語での動物の鳴き声もおもしろく親目線でも楽しめました。
・娘も途中まで一緒に見ました。動物に興味を持ち始めたところなので、タイムリーでした。手をたたいて喜んでました。
日本と外国の動物の鳴き声がこんなに違うのかと思いました。",https://fants.jp/feeds/957219?openExternalBrowser=1
心・からだ・知育のびのびコース,その他特別講義,ゆう松、ひなママ,薬剤師に聞く！子どもとお薬、上手な付き合い方,0～6歳,"「粉薬を上手に飲ませるには？」
「苦くない混ぜ物の組み合わせは？」
「錠剤って何歳くらいから？」
「妊娠中に薬は飲まない方がいい？」

などなど、お薬に関する疑問にお答えいただきます！

当日は、抗生剤やステロイドについて、薬を飲み続けることは良くないのか？
混ぜるものは何がおすすめ？食前食後はどの程度守るべき？などのご質問にたくさんお答えいただきました！

【いただいたご質問】
・子どもの服薬について薬剤師さん視点で子供に安易に飲ませたくないなという薬はあったりしますか？
・解熱剤を使用するメリット、デメリットについて
・乳児の酸化マグネシウムの使用について
・甘いもの嫌いな子どもに薬を飲ませる方法
・薬の使用について、頻繁に飲むことによる影響を知りたい
・発熱後どのくらいで病院に行ったらいいのか
・抗生物質など必ず飲まなければならないけれど苦い薬、常用の酸化マグネシウム、それぞれ良い飲ませ方はありますか？",・抗生剤やステロイドの使用など普段から気になっていたけど、先生には聞きづらいお話が聞けてためになりました。私もあまり薬は飲ませたく無い派でしたが、お話をきいて素人判断で決めずきっちり服薬させてあげようと思いました。,https://fants.jp/feeds/961110?openExternalBrowser=1
心・からだ・知育のびのびコース,発達あそびクラス,かなこ,自律神経を整える親子体操とずり這い＆ハイハイを促す発達あそび,0～6歳,"すくすく育つのに外せないのが自律神経の育ちです。交感神経が優位になりやすい現代。まずは「ゆるむ」ことから全てが始まります。副交感神経を優位にする体操をした後に、
リクエストにあったずり這い＆ハイハイを促すお家遊びをやりたいと思います！

○自律神経の育ちのお話
○絵本を用いた準備体操
○親子でできるおうち運動あそび
を行いました^^","・自律神経を整えるあそびとハイハイを促す遊びを教えて頂きました！
緊張が強いと反りにつながったりするのでしっかり緩ませていこうと思います！
ハイハイまであと少しなのでとりあえずずり這いバタフライ型をなんとか改善できるように教えていただいたこと実践します！",https://fants.jp/feeds/966551?openExternalBrowser=1
心・からだ・知育のびのびコース,知育あそびクラス,ともか,画用紙,0～6歳,"100均でもOK！画用紙とハサミをご準備いただけると
すぐに実践ができる内容となっております。

個人的にはなんにでも使えて、
一番好きなアイテムの画用紙！
まだ鉛筆が持てないよーという小さなお子さんから
もうじき小学生になるお兄さんお姉さんまで
できる遊びがたくさんありますよ！
一緒に遊びましょう！！","・画用紙がコスパ抜群なんて意外でした。シンプルだからこそ色々遊べるんですね。ビリビリ遊びは新聞紙でよくやっていますが、色付きだときれいそうなのてやってみたいと思います。
・色画用紙は使い方次第でとても知育になるのだなと思いました！百均で手に入りますしまだ紙は食べ物ですがw色の感覚は養わせたいと思っているので取り入れようと思います😊",https://fants.jp/feeds/968591?openExternalBrowser=1
心・からだ・知育のびのびコース,,助産師あやの,幼児さんのおうち性教育講座,0～6歳,"幼児さんに性教育はまだ早いかな？と思っていませんか？実は性教育は小学生からでは遅いんです。

プライベートゾーンの教え方、防犯対策で知っておきたいこと、おススメの本など子どものからだと心を守るために、家庭で今日からできる性教育の一歩を一緒に学びましょう。","・私も学校や家庭で性教育をきちんと受けていなかった世代です。初めて生理が来た時も誰にも相談する事なくナプキンの使い方も分からず対応していたのを思い出しました。残念ながらやっぱり性へのネガティブなイメージが刷り込まれていますが、あやのさんの親がやらなきゃ‼︎という言葉が響きました。ジェンダー問題や自己肯定感にもつながっていてきちんと子どもに伝えなきゃいけない事だと認識しました。
・学校では教えてくれないところを詳しく、実生活に則って解説してくださり、とても分かりやすかったです。",https://fants.jp/feeds/974934?openExternalBrowser=1
心・からだ・知育のびのびコース,おうちモンテクラス,菅原りょうこ,大人の自己肯定感と子どもが真似するお金の使い方,0～6歳,"子どもの自己肯定感は、親御さんの自己肯定感と連動します。
9月の講座で、赤ちゃんの自己肯定感は１００％という話をしましたが、
じゃあ、大人の自己肯定感は、どうやって上げていくのか？
モンテッソーリのいう「模範的な大人」として、子どもが真似っこしていく、一番わかりやすいのがお金の使い方だと思います。
”自分を大切にする”こととも連動する自己肯定感を、お金の面から見ていきたいと思います。
正式な講座では、お金が貯まったり、臨時収入がポーンと入ったりすることもあるお金と自分の関係を、サロン用の短縮版でお届け！
ボーナスの時期、お楽しみがてらご参加ください♪

【いただいたご質問】
・お金に困っているわけではないのに、不安が消えない。お金の不安と自己肯定感の関係について聞きたい
・お金に対しての親の意識と、子どもへの伝え方について","・結構心に刺さることがたくさんありました。
「ない」と思っていても、掘り起こせば意外に「ある」と思いました。
1ヵ月かったものを記録します。
・お金の使い方に意味付けする癖つけてみたいと思います。ちょうど今日、クリスマスケーキをどうするか夫と話していたのですが（子どもはまだ食べられないので大人用）、有名なケーキ屋さんのケーキは物価高のせいか小さいのに結構な金額だったので「だったらコンビニのケーキでいいか」と話していたところでした。選択肢4になるところでした…。もう一度何のためのケーキか考えてみて、自分が食べたいものを選ぼうと思います‼︎クリスマスが楽しみになってきました(^^)",https://fants.jp/feeds/976890?openExternalBrowser=1
心・からだ・知育のびのびコース,モリモリごはんクラス,ももマミー,もりもりごはんクラス　11月の質問回答ライブ,0～6歳,"【いただいたご質問】
・二人目の離乳食について
・スプーン食べについて
・コップ飲みの練習に使うツールについて悩んでいます
・おすすめのポタージュのレシピがあれば教えていただきたいです。
・ 遠足のお弁当についての相談です。
・牛乳嫌いへの対応について
・ご飯を食べる時、結構手を使う",・今回の質問回答会もためになりました‼︎離乳食に対してプレッシャーを感じてますが、味方になって考えてくれる方がいるだけで気持ちが軽くなります。おすすめしてくださったピジョンのスプーン実際に使ってみました。子どもの手にぴったりサイズで喜んでニギニギぶんぶんしてます（うまくすくえるのには時間がかかりそうですがとりあえず興味もってくれたみたいでよかったです）。,https://fants.jp/feeds/988500?openExternalBrowser=1
心・からだ・知育のびのびコース,おやこ英語クラス,MEInternational,Christmas,0～6歳,クリスマスに関係する絵本や歌をご紹介します！,・一足早いクリスマス気分を味わえました。お二人ともきれいな発音で歌も絵本も違和感なく（意味はわからなくても）聞くことができました。子どもはまだ小さいので画面を見続けることはできないので一緒に音声を聴いて楽しみました♪,https://fants.jp/feeds/999313?openExternalBrowser=1
超ねんね改善コース,-,三橋かな,我が子のタイプは何タイプ？5タイプねんね術,0～2歳,"「どうしてこの子は寝ないんだろう」
「同じ月齢のあの子はよく寝るのに…」
そんなふうに、わが子の睡眠に悩みながらも、
理由がわからずに苦しくなっていませんか。

実は、赤ちゃんの眠りやすさ
生まれ持った「気質タイプ」が大きく関係しています。
※もちろん、正しい睡眠知識があればどんなタイプでも
しっかり眠れるようにはなります※

この講座では、
赤ちゃんの気質を大きく5つのタイプに分けて
「その子の特性やねんねの特徴」をやさしく、具体的にお伝えしていきます。","・体の発達が早く、活発なように感じていたのでわんぱくタイプなのかなあと思っていましたが、チェックしていくとおりこうタイプだとわかりました。今後どんな性格に育つのか楽しみにしつつ、気質に合った育児ができると良いなと思いました。
・キッズコーチングの気質の講座ともあわせてとても納得感のある内容でした。私の子どもはタイプ1と2であまりねんねに悩んだ事がなかったのも気質のおかげかと腑に落ちました。その子に合った対処法やこれから先の事が分かるのは大きな安心感につながりますね。",https://fants.jp/feeds/1001166?openExternalBrowser=1
心・からだ・知育のびのびコース,発達あそびクラス,かなこ,タオルでできるおうち運動遊び,0～6歳,"どの家庭にも必ずあるタオル。
これで運動能力アップや発達を促す運動あそびもできちゃいます。家での遊びの引き出しが増えるはず・・・！
0歳でも幼児さんでもどの年齢にも使える遊びをご紹介します

○タオルって万能ってお話。(感覚のお話)
○触れ合いお歌あそび
○親子でできるおうち運動あそび
を行いました^^","・タオルの活用は無限大だなと思いました！布大好きなのでいろんな遊びをして体幹など鍛えていけたら嬉しいです！
・タオルは普段、手を拭いたり、濡れた所を拭くくらいでしか使うところがないため
こんなにたくさん遊びに使えるのか！と知れたことがとてもよかったです。本当に万能ですね。
「いないいないばあ」と顔にかかったタオルを取るときに、低月齢の子だとゆっくり取ってあげると良い
→友達の子など、これから低月齢の子と会った時には話題に出したいです。
ジャンプは2〜3歳くらいから出来るようになる
先に高い所から跳ぶ動きが出てくる
→親の太ももに乗って降りるのを楽しそうにしています。",https://fants.jp/feeds/1008899?openExternalBrowser=1
心・からだ・知育のびのびコース,知育あそびクラス,ともか,折り紙,3～6歳,"折り紙が知育にいいとはよく言われますが
じゃあどうやって始めたらいい？
どこから進める？
どんな遊びができる?
スモールステップで出来る遊びをお伝えします！","・折り紙＝折って何か作品を作るもの
という認識があったのですが
まだ折って遊ぶのが難しい娘(1歳9ヶ月)であれば、くしゃくしゃにするだけ・破るだけ
といった遊びだけでも充分。と分かったのはとても良かったです。

・三角折りの方が四角に折るよりも簡単
(合わせる点の数が少ないため)

・紙飛行機を飛ばす時、3本指を使う
この3本指は今後、色々なものを使う時に重要",https://fants.jp/feeds/1010489?openExternalBrowser=1
心・からだ・知育のびのびコース,おうちモンテクラス,菅原りょうこ,モンテッソーリ式！なんでもお悩み相談,0～6歳,"今回は約3時間、参加された方のお悩みにお答えいたしました！

【いただいたご質問】
■ 家では落ち着きがなく、園では問題なく過ごしている子のギャップや、下の子の誕生、環境変化による影響についての不安
■ ダメと分かっていそうなのに、わざとやってほしくない行動を繰り返す時の声かけ
■ 楽しい、興奮した気持ちから叩いてしまう行動への対応や、集団生活でのトラブルへの心配
■ 仕事と子育ての両立について、働き方・経済面・メンタル面での迷い
■ 下の子の寝かしつけ中に上の子が関わってくる時の対応や、ワンオペ時の工夫
■ 育児の対応以前に、心身の余裕がなくなっている自分自身の状態への悩み
■ 忙しい夫へのイライラとの向き合い方や、感情の整理について
■ ママへの強い愛着（ママが出かけると泣く）に対する受け止め方や、パパとの関係性について
■ 3歳前後の子が言うことを聞かない時、脅す以外の声かけや、親の感情コントロール
■ 怒られることを楽しんでいるように見える行動への戸惑い
■ 子どものやりたい気持ちを尊重することと、親が主導権をもつことの線引き
■ 兄弟げんかで「ママお願い」と助けを求められた時の具体的な介入方法
■ 兄弟間で噛んでしまった時の対応や、我慢している上の子への関わり方",・好きなことをさせることと好き勝手させることは違うという話はドキッとしました。ここまでならOKなどの線引きを自分の中でしっかり持ちたいと思いました。子供と接する上で自分が何故いう通りにさせたいのか、何故こういう接し方をしているのかをしっかり考えることが今後育児をしていく上で迷わない方法なのかなと思いました。まだまだ自分がどうしたいのか何を大事にしたいと思っているのかはわからないですが、考えていきたいと思いました。,https://fants.jp/feeds/1030479?openExternalBrowser=1
心・からだ・知育のびのびコース,モリモリごはんクラス,ももマミー,もりもりごはんクラス　12月の質問回答ライブ,0～6歳,"クリスマスなのでパーティーメニューで使えそうなポタージュレシピをプレゼント

【いただいたご質問】
・２回食の2回食目を食べていると機嫌が悪い
・緑黄色野菜を食べない・魚を食べないので食べる工夫をききたい
・スプーンで食べることを促したい、おすすめのスプーンフォークあれば教えてください！
・お粥摂取時「おえっ」とすることについて
・ 野菜を食べないことについての相談
・お箸デビューにオススメのお箸について
・ももマミーさんが考える離乳食で大切にした方が良いと思うこと、優先するべきことなど教えていただきたいです","・子どもの食事量は肌感覚で大丈夫
(元気に遊べる、寝られる、排便リズム良くある、あればOK)
・Pigeonのスプーンがおすすめ
(首が曲っているスプーンは手首をひねる練習には不向き)
・現時点で、手で食べることに関しては問題なし
・食具に手を伸ばした時の反応を変えてあげることを意識すると良い。
(出来たら褒める、出来なかった時はまたやってみようと声をかける)
・4歳のお子さんでもスプーンの持ち方が上手持ちになったり下手持ちになったりする。
